Name,Smiles,aldehyde_ID
 (S)-(-)-Perillaldehyde,O=CC1=CC[C@@H](C(C)=C)CC1,aldehyde-1
" 3,5-Dibromosalicylaldehyde",O=CC1=C(O)C(Br)=CC(Br)=C1,aldehyde-2
" 3,5-Diiodosalicylaldehyde",O=CC1=C(O)C(I)=CC(I)=C1,aldehyde-3
 3-Ethoxy-4-hydroxybenzaldehyde,O=CC1=CC(OCC)=C(O)C=C1,aldehyde-4
 4-Hydroxy-1-naphthaldehyde,OC1=CC=C(C=O)C2=CC=CC=C21,aldehyde-5
 5-Bromo-2-hydroxy-3-methoxybenzaldehyde,O=CC1=C(O)C(OC)=CC(Br)=C1,aldehyde-6
 5-Iodosalicylaldehyde,O=CC1=C(O)C=CC(I)=C1,aldehyde-7
 Cinnamaldehyde,O=C/C=C/C1=CC=CC=C1,aldehyde-8
"1-(2,4-Difluorophenyl)-1H-pyrazole-4-carbaldehyde",Fc1c(ccc(c1)F)[n]2ncc(c2)C=O,aldehyde-9
1-(2-Methoxyphenyl)-1H-pyrazole-4-carbaldehyde,[n]2(ncc(c2)C=O)c1c(cccc1)OC,aldehyde-10
1-(3-Formylphenyl)piperazine,N2(CCNCC2)c1cc(ccc1)C=O,aldehyde-11
1-(3-METHYLPHENYL)-1H-PYRAZOLE-4-CARBALDEHYDE,[n]2(ncc(c2)C=O)c1cc(ccc1)C,aldehyde-12
1-(4-BROMOPHENYL)-3-PHENYL-1H-PYRAZOLE-4-CARBALDEHYDE,Brc1ccc(cc1)[n]2nc(c(c2)C=O)c3ccccc3,aldehyde-13
"1-(4-CHLOROPHENYL)-1H-1,2,3-TRIAZOLE-4-CARBALDEHYDE",Clc1ccc(cc1)[n]2nnc(c2)C=O,aldehyde-14
1-(4-FLUOROPHENYL)-3-(4-METHYLPHENYL)-1H-PYRAZOLE-4-CARBALDEHYDE,Fc1ccc(cc1)[n]2nc(c(c2)C=O)c3ccc(cc3)C,aldehyde-15
1-(4-ISOPROPYLPHENYL)-1H-PYRAZOLE-4-CARBALDEHYDE,[n]2(ncc(c2)C=O)c1ccc(cc1)C(C)C,aldehyde-16
1-(4-Methoxyphenyl)-1H-pyrazole-4-carbaldehyde,[n]2(ncc(c2)C=O)c1ccc(cc1)OC,aldehyde-17
1-(4-METHYLPHENYL)-1H-PYRAZOLE-4-CARBALDEHYDE,[n]2(ncc(c2)C=O)c1ccc(cc1)C,aldehyde-18
1-(PYRIMIDIN-2-YL)-1H-IMIDAZOLE-4-CARBALDEHYDE,[n]2(cnc(c2)C=O)c1ncccn1,aldehyde-19
"1,2,6-TRIMETHYL-1H-INDOLE-3-CARBALDEHYDE",[n]1(c2c(c(c1C)C=O)ccc(c2)C)C,aldehyde-20
"1,3,5-TRIMETHYL-1H-PYRAZOLE-4-CARBALDEHYDE",[n]1(nc(c(c1C)C=O)C)C,aldehyde-21
"1,3-DIMETHYL-2-OXO-2,3-DIHYDRO-1H-BENZIMIDAZOLE-5-CARBALDEHYDE",N1(c2c(ccc(c2)C=O)N(C1=O)C)C,aldehyde-22
"1,5-DIMETHYL-1H-PYRAZOLE-3-CARBALDEHYDE",[n]1(nc(cc1C)C=O)C,aldehyde-23
1-benzyl-1H-indazole-3-carbaldehyde,[n]2(nc(c3c2cccc3)C=O)Cc1ccccc1,aldehyde-24
1-butyl-1H-pyrazole-5-carbaldehyde,[n]1(nccc1C=O)CCCC,aldehyde-25
1-Cyclopropyl-1H-benzimidazole-2-carbaldehyde,[n]2(c3c(nc2C=O)cccc3)C1CC1,aldehyde-26
1-ETHYL-1H-IMIDAZOLE-5-CARBALDEHYDE,[n]1(cncc1C=O)CC,aldehyde-27
1H-indazole-4-carbaldehyde,[nH]1ncc2c1cccc2C=O,aldehyde-28
"1H-pyrrolo[3,2-b]pyridine-3-carbaldehyde",[nH]1c2c(nccc2)c(c1)C=O,aldehyde-29
1-hydroxy-2-naphthaldehyde,OC1=C(C=O)C=CC2=CC=CC=C21,aldehyde-30
1-ISOPROPYL-1H-BENZIMIDAZOLE-2-CARBALDEHYDE,[n]1(c2c(nc1C=O)cccc2)C(C)C,aldehyde-31
1-ISOPROPYL-1H-PYRAZOLE-4-CARBALDEHYDE,[n]1(ncc(c1)C=O)C(C)C,aldehyde-32
1-isopropyl-1H-pyrazole-5-carbaldehyde,[n]1(nccc1C=O)C(C)C,aldehyde-33
"1-METHYL-1H-1,2,3-BENZOTRIAZOLE-5-CARBALDEHYDE",[n]1(nnc2c1ccc(c2)C=O)C,aldehyde-34
"1-Methyl-1H-imidazo[4,5-c]pyridine-2-carbaldehyde",[n]1(c2c(nc1C=O)cncc2)C,aldehyde-35
1-methyl-1H-indazole-5-carbaldehyde,[n]1(ncc2c1ccc(c2)C=O)C,aldehyde-36
1-methyl-1H-indazole-7-carbaldehyde,[n]1(ncc2c1c(ccc2)C=O)C,aldehyde-37
1-METHYL-1H-INDOLE-4-CARBALDEHYDE,[n]1(c2c(c(ccc2)C=O)cc1)C,aldehyde-38
1-METHYL-1H-INDOLE-5-CARBALDEHYDE,[n]1(c2c(cc1)cc(cc2)C=O)C,aldehyde-39
1-methyl-3-(trifluoromethyl)-1H-pyrazole-5-carbaldehyde,FC(F)(F)c1n[n](c(c1)C=O)C,aldehyde-40
1-methyl-5-indolinecarbaldehyde,N1(CCc2c1ccc(c2)C=O)C,aldehyde-41
1-METHYL-5-PHENYL-1H-PYRAZOLE-3-CARBALDEHYDE,[n]1(nc(cc1c2ccccc2)C=O)C,aldehyde-42
1-Naphthaldehyde,O=CC1=CC=CC2=CC=CC=C21,aldehyde-43
1-PHENYL-3-(3-PYRIDINYL)-1H-PYRAZOLE-4-CARBALDEHYDE,[n]2(nc(c(c2)C=O)c3cnccc3)c1ccccc1,aldehyde-44
1-Phenylsulfonyl)-3-indolecarboxaldehyde,O=CC1=CN(S(=O)(C2=CC=CC=C2)=O)C3=CC=CC=C31,aldehyde-45
"1-PROPYL-1,2,3,4-TETRAHYDROQUINOLINE-6-CARBALDEHYDE",N1(CCCc2c1ccc(c2)C=O)CCC,aldehyde-46
2-(1H-imidazol-1-yl)benzaldehyde,[n]2(cncc2)c1c(cccc1)C=O,aldehyde-47
2-(1H-PYRAZOL-1-YL)BENZALDEHYDE,[n]2(nccc2)c1c(cccc1)C=O,aldehyde-48
2-(1-Pyrrolidinyl)-4-pyrimidinecarbaldehyde,N2(CCCC2)c1nc(ccn1)C=O,aldehyde-49
2-(2-ethoxyethoxy)-5-formylphenylboronic acid,B(O)(O)c1c(ccc(c1)C=O)OCCOCC,aldehyde-50
2-(2-HYDROXYETHOXY)BENZALDEHYDE,O(CCO)c1c(cccc1)C=O,aldehyde-51
2-(2-METHOXY-PHENYL)-THIAZOLE-5-CARBALDEHYDE,[s]1c(ncc1C=O)c2c(cccc2)OC,aldehyde-52
2-(2-METHYLIMIDAZOL-1-YL)BENZALDEHYDE,[n]2(c(ncc2)C)c1c(cccc1)C=O,aldehyde-53
2-(3-DIMETHYLAMINOPROPOXY)BENZALDEHYDE,N(CCCOc1c(cccc1)C=O)(C)C,aldehyde-54
2-(3-Formylphenoxy)acetamide,NC(=O)COc1cc(ccc1)C=O,aldehyde-55
2-(4-METHOXYPHENYL)THIAZOLE-5-CARBALDEHYDE,[s]1c(ncc1C=O)c2ccc(cc2)OC,aldehyde-56
2-(4-Methyl-1-piperazinyl)nicotinaldehyde,N1(CCN(CC1)c2ncccc2C=O)C,aldehyde-57
2-(4-METHYLPIPERAZIN-1-YL)THIAZOLE-5-CARBOXALDEHYDE,[s]1c(ncc1C=O)N2CCN(CC2)C,aldehyde-58
2-(4-Pyridinyl)-4-pyrimidinecarbaldehyde,n1c(nccc1C=O)c2ccncc2,aldehyde-59
2-(CYCLOPENTYLOXY)NICOTINALDEHYDE,n1c(c(ccc1)C=O)OC2CCCC2,aldehyde-60
2-(Cyclopropylamino)-4-pyrimidinecarbaldehyde,N(C2CC2)c1nc(ccn1)C=O,aldehyde-61
2-(Cyclopropylmethoxy)nicotinaldehyde,n1c(c(ccc1)C=O)OCC2CC2,aldehyde-62
2-(dimethylamino)-5-formylbenzonitrile,N(C)(C)c1c(cc(cc1)C=O)C#N,aldehyde-63
2-(METHYLSULFONYL)BENZALDEHYDE,[S](=O)(=O)(C)c1c(cccc1)C=O,aldehyde-64
"2,2-DIFLUORO-4-FORMYLBENZODIOXOLE",FC1(Oc2c(cccc2C=O)O1)F,aldehyde-65
"2,3-dichloro-6-(trifluoromethyl)benzaldehyde",FC(F)(F)c1c(c(c(cc1)Cl)Cl)C=O,aldehyde-66
"2,3-dichloro-6-fluorobenzaldehyde",Fc1c(c(c(cc1)Cl)Cl)C=O,aldehyde-67
"2,3-DIHYDRO-1,4-BENZODIOXINE-5-CARBALDEHYDE",O1CCOc2c1c(ccc2)C=O,aldehyde-68
"2,3-DIHYDRO-1-BENZOFURAN-7-CARBALDEHYDE",O1CCc2c1c(ccc2)C=O,aldehyde-69
"2,3-Dihydroxybenzaldehyde",O=CC1=C(O)C(O)=CC=C1,aldehyde-70
"2,4,6-Trimethoxybenzaldehyde",O=CC1=C(OC)C=C(OC)C=C1OC,aldehyde-71
"2,4-DICHLORO-6-HYDROXYBENZALDEHYDE",Clc1c(c(cc(c1)Cl)O)C=O,aldehyde-72
"2,4-Dichlorobenzaldehyde",O=CC1=C(Cl)C=C(Cl)C=C1,aldehyde-73
"2,4-Dihydroxybenzaldehyde",O=CC1=C(O)C=C(O)C=C1,aldehyde-74
"2,4-Dimethoxybenzaldehyde",O=CC1=C(OC)C=C(OC)C=C1,aldehyde-75
"2,4-Dimethylthiazole-5-carboxaldehyde",[s]1c(nc(c1C=O)C)C,aldehyde-76
"2,4-dinitrobenzaldehyde",O=CC1=C([N+]([O-])=O)C=C([N+]([O-])=O)C=C1,aldehyde-77
"2,5-dihydroxybenzaldehyde",O=CC1=C(O)C=CC(O)=C1,aldehyde-78
"2,5-Dimethoxy-benzaldehyde",O=CC1=C(OC)C=CC(OC)=C1,aldehyde-79
"2,5-DIMETHYL-1,3-OXAZOLE-4-CARBALDEHYDE",n1c([o]c(c1C=O)C)C,aldehyde-80
"2,5-DIMETHYL-1-PHENYLPYRROLE-3-CARBOXALDEHYDE",[n]2(c(c(cc2C)C=O)C)c1ccccc1,aldehyde-81
"2,6-dichloro-3-(trifluoromethyl)benzaldehyde",FC(F)(F)c1c(c(c(cc1)Cl)C=O)Cl,aldehyde-82
"2,6-dichloro-4,hydroxybenzaldehyde",ClC1=CC(O)=CC(Cl)=C1C=O,aldehyde-83
"2,6-Dichlorobenzaldehyde",ClC1=CC=CC(Cl)=C1C=O,aldehyde-84
"2,6-difluoro-4-formylphenylboronic acid",B(O)(O)c1c(cc(cc1F)C=O)F,aldehyde-85
"2,6-Dimethoxybenzaldehyde",O=CC1=C(OC)C=CC=C1OC,aldehyde-86
"2,6-dimethylisonicotinaldehyde",n1c(cc(cc1C)C=O)C,aldehyde-87
"2,8-dichloro-3-quinolinecarbaldehyde",Clc1nc2c(cc1C=O)cccc2Cl,aldehyde-88
2-[(2-methylbenzyl)oxy]benzaldehyde,O(Cc2c(cccc2)C)c1c(cccc1)C=O,aldehyde-89
2-[1-METHYL-3-(TRIFLUOROMETHYL)PYRAZOL-5-YL]-THIOPHENE-5-CARBOXALDEHYDE,FC(F)(F)c1n[n](c(c1)c2[s]c(cc2)C=O)C,aldehyde-90
2-[1-METHYL-5-(TRIFLUOROMETHYL)PYRAZOL-3-YL]-THIOPHENE-5-CARBOXALDEHYDE,FC(F)(F)c1[n](nc(c1)c2[s]c(cc2)C=O)C,aldehyde-91
2-anilino-5-pyrimidinecarbaldehyde,N(c2ncc(cn2)C=O)c1ccccc1,aldehyde-92
2-BENZYLOXY-5-FORMYLPHENYLBORONIC ACID,B(O)(O)c1c(ccc(c1)C=O)OCc2ccccc2,aldehyde-93
2-Bromo-3-pyridinecarboxaldehyde,O=CC1=C(Br)N=CC=C1,aldehyde-94
2-bromo-4-(trifluoromethoxy)benzaldehyde,FC(F)(F)Oc1cc(c(cc1)C=O)Br,aldehyde-95
2-BROMO-4-HYDROXYBENZALDEHYDE,O=CC1=C(Br)C=C(O)C=C1,aldehyde-96
2-Bromo-5-ethoxy-4-hydroxybenzaldehyde,BrC1=CC(O)=C(OCC)C=C1C=O,aldehyde-97
2-Bromo-5-hydroxybenzaldehyde,O=CC1=C(Br)C=CC(O)=C1,aldehyde-98
2-bromo-6-(4-methyl-1-piperazinyl)benzaldehyde,Brc1c(c(ccc1)N2CCN(CC2)C)C=O,aldehyde-99
2-bromo-6-(4-morpholinyl)benzaldehyde,Brc1c(c(ccc1)N2CCOCC2)C=O,aldehyde-100
2-bromo-6-fluoro-4-methylbenzaldehyde,Fc1c(c(cc(c1)C)Br)C=O,aldehyde-101
2-Bromobenzaldehyde,O=CC1=C(Br)C=CC=C1,aldehyde-102
2-BUTYL-1H-IMIDAZOLE-4-CARBALDEHYDE,[nH]1c(nc(c1)C=O)CCCC,aldehyde-103
2-butyl-1H-imidazole-5-carbaldehyde,[nH]1c(ncc1C=O)CCCC,aldehyde-104
2-chloro-4-(methylsulfonyl)benzaldehyde hydrate,[S](=O)(=O)(C)c1cc(c(cc1)C=O)Cl.O,aldehyde-105
2-Chloro-4-hydroxybenzaldehyde,O=CC1=C(Cl)C=C(O)C=C1,aldehyde-106
2-chloro-5-(trifluoromethyl)nicotinaldehyde,FC(F)(F)c1cnc(c(c1)C=O)Cl,aldehyde-107
2-CHLORO-6-(4-CHLOROPHENYL)ISONICOTINALDEHYDE,Clc1nc(cc(c1)C=O)c2ccc(cc2)Cl,aldehyde-108
2-CHLORO-6-(4-FLUOROPHENYL)ISONICOTINALDEHYDE,Fc1ccc(cc1)c2nc(cc(c2)C=O)Cl,aldehyde-109
2-CHLORO-6-(4-METHYLPHENYL)ISONICOTINALDEHYDE,Clc1nc(cc(c1)C=O)c2ccc(cc2)C,aldehyde-110
2-Chloro-6-ethoxyquinoline-3-carboxaldehyde,Clc1nc2c(cc(cc2)OCC)cc1C=O,aldehyde-111
2-Chloro-6-nitrobenzaldehyde,O=CC1=C(Cl)C=CC=C1[N+]([O-])=O,aldehyde-112
2-CHLORO-6-PHENYLISONICOTINALDEHYDE,Clc1nc(cc(c1)C=O)c2ccccc2,aldehyde-113
2-chloro-7-(methylsulfanyl)-3-quinolinecarbaldehyde,S(C)c1cc2nc(c(cc2cc1)C=O)Cl,aldehyde-114
2-CYANOPYRIDINE-4-CARBOXALDEHYDE,n1c(cc(cc1)C=O)C#N,aldehyde-115
2-CYCLOHEXYLBENZALDEHYDE,O=Cc1c(cccc1)C2CCCCC2,aldehyde-116
2-DIMETHYLAMINO-4-METHOXY-THIAZOLE-5-CARBALDEHYDE,[s]1c(nc(c1C=O)OC)N(C)C,aldehyde-117
2-DIMETHYLAMINO-THIAZOLE-5-CARBALDEHYDE,[s]1c(ncc1C=O)N(C)C,aldehyde-118
2-Ethoxy-3-formyl-5-methylphenylboronic acid,B(O)(O)c1c(c(cc(c1)C)C=O)OCC,aldehyde-119
2-Ethyl-1H-imidazole-4-carbaldehyde,[nH]1c(nc(c1)C=O)CC,aldehyde-120
2-Fluoro-3-hydroxybenzaldehyde,Fc1c(cccc1C=O)O,aldehyde-121
2-fluoro-4-(4-methyl-1-piperazinyl)benzaldehyde,Fc1c(ccc(c1)N2CCN(CC2)C)C=O,aldehyde-122
2-Fluoro-4-hydroxybenzaldehyde,O=CC1=C(F)C=C(O)C=C1,aldehyde-123
2-Fluorobenzaldehyde,FC1=C(C=O)C=CC=C1,aldehyde-124
2-Fluoropyridine-4-carboxaldehyde,Fc1nccc(c1)C=O,aldehyde-125
"2-Formyl-4,5-methylenedioxyphenylboronic acid",B(O)(O)c1cc2c(cc1C=O)OCO2,aldehyde-126
2-FORMYL-5-METHOXYPHENYLBORONIC ACID,O=CC1=CC=C(OC)C=C1B(O)O,aldehyde-127
2-Formylphenylboronic acid,O=CC1=CC=CC=C1B(O)O,aldehyde-128
"2-HYDROXY-3,5-DIMETHYLBENZALDEHYDE",Oc1c(cc(cc1C=O)C)C,aldehyde-129
2-Hydroxy-4-methoxybenzaldehyde,O=CC1=C(O)C=C(OC)C=C1,aldehyde-130
2-hydroxy-5-methoxybenzaldehyde,O=CC1=C(O)C=CC(OC)=C1,aldehyde-131
2-HYDROXY-7-METHYLQUINOLINE-3-CARBALDEHYDE,n1c2c(cc(c1O)C=O)ccc(c2)C,aldehyde-132
2-hydroxy-8-methyl-3-quinolinecarbaldehyde,n1c2c(cc(c1O)C=O)cccc2C,aldehyde-133
2-isobutoxybenzaldehyde,O(CC(C)C)c1c(cccc1)C=O,aldehyde-134
2-ISOPROPOXY-BENZALDEHYDE,O(C(C)C)c1c(cccc1)C=O,aldehyde-135
2-ISOPROPOXY-PYRIDINE-3-CARBALDEHYDE,n1c(c(ccc1)C=O)OC(C)C,aldehyde-136
2-ISO-PROPYLBENZALDEHYDE,O=Cc1c(cccc1)C(C)C,aldehyde-137
2-ISOPROPYL-PYRIMIDINE-5-CARBALDEHYDE,n1c(ncc(c1)C=O)C(C)C,aldehyde-138
2-METHOXY-4-(TRIFLUOROMETHOXY)BENZALDEHYDE,FC(F)(F)Oc1cc(c(cc1)C=O)OC,aldehyde-139
2-METHYL 4-BENZYLOXYBENZALDEHYDE,O(Cc2ccccc2)c1cc(c(cc1)C=O)C,aldehyde-140
"2-Methyl[1,1'-biphenyl]-3-carbaldehyde",O=Cc1c(c(ccc1)c2ccccc2)C,aldehyde-141
2-METHYL-1H-IMIDAZOLE-4-CARBALDEHYDE,[nH]1c(nc(c1)C=O)C,aldehyde-142
"2-METHYL-IMIDAZO[1,2-A]PYRIDINE-3-CARBALDEHYDE",[n]21c(nc(c2C=O)C)C=CC=C1,aldehyde-143
2-Naphthaldehyde,O=CC1=CC2=CC=CC=C2C=C1,aldehyde-144
2-Nitrobenzaldehyde,O=CC1=C([N+]([O-])=O)C=CC=C1,aldehyde-145
2-PHENOXYBENZALDEHYDE,O(c2c(cccc2)C=O)c1ccccc1,aldehyde-146
"2-PIPERIDINO-1,3-THIAZOLE-5-CARBALDEHYDE",[s]1c(ncc1C=O)N2CCCCC2,aldehyde-147
2-PIPERIDINONICOTINALDEHYDE,N2(CCCCC2)c1ncccc1C=O,aldehyde-148
2-propyl-5-pyrimidinecarbaldehyde,n1c(ncc(c1)C=O)CCC,aldehyde-149
"2-PYRAZINECARBOXALDEHYDE, 3-METHYL-",n1c(c(ncc1)C=O)C,aldehyde-150
2-Pyridinecarboxaldehyde,O=CC1=NC=CC=C1,aldehyde-151
2-pyrimidinecarbaldehyde,n1c(nccc1)C=O,aldehyde-152
2-PYRROLIDIN-1-YLPYRIMIDINE-5-CARBALDEHYDE,N2(CCCC2)c1ncc(cn1)C=O,aldehyde-153
2-PYRROLIDIN-1-YL-THIAZOLE-5-CARBALDEHYDE,[s]1c(ncc1C=O)N2CCCC2,aldehyde-154
2-Quinolinecarboxaldehyde,O=CC1=NC2=CC=CC=C2C=C1,aldehyde-155
2-QUINOXALINECARBALDEHYDE,n1c2c(ncc1C=O)cccc2,aldehyde-156
2-Thiophene carboxaldehyde,O=CC1=CC=CS1,aldehyde-157
3-((4-CHLOROBENZYL)OXY)BENZALDEHYDE,Clc1ccc(cc1)COc2cc(ccc2)C=O,aldehyde-158
3-((4-FLUOROBENZYL)OXY)BENZALDEHYDE,Fc1ccc(cc1)COc2cc(ccc2)C=O,aldehyde-159
3-(1-pyrrolidinyl)benzaldehyde,N2(CCCC2)c1cc(ccc1)C=O,aldehyde-160
"3-(2,3-DIHYDRO-1,4-BENZODIOXIN-6-YL)-1-PHENYL-1H-PYRAZOLE-4-CARBALDEHYDE",[n]2(nc(c(c2)C=O)c3cc4c(cc3)OCCO4)c1ccccc1,aldehyde-161
"3-(2,5-dimethylphenyl)-1H-pyrazole-4-carbaldehyde",[nH]1nc(c(c1)C=O)c2c(ccc(c2)C)C,aldehyde-162
3-(2-Chlorophenyl)isoxazole-5-carbaldehyde,Clc1c(cccc1)c2n[o]c(c2)C=O,aldehyde-163
3-(2H-tetraazol-5-yl)benzaldehyde,[nH]1nnc(n1)c2cc(ccc2)C=O,aldehyde-164
3-(2-Hydroxyethoxy)benzaldehyde,O=CC1=CC=C(OCCO)C=C1,aldehyde-165
3-(2-Methoxyphenyl)isoxazole-5-carbaldehyde,n1[o]c(cc1c2c(cccc2)OC)C=O,aldehyde-166
3-(3-Chlorophenyl)isoxazole-5-carbaldehyde,Clc1cc(ccc1)c2n[o]c(c2)C=O,aldehyde-167
3-(4-Chlorophenyl)benzaldehyde,Clc1ccc(cc1)c2cc(ccc2)C=O,aldehyde-168
3-(4-ethylphenyl)-1H-pyrazole-4-carbaldehyde,[nH]1nc(c(c1)C=O)c2ccc(cc2)CC,aldehyde-169
3-(4-fluorophenoxy)benzaldehyde,Fc1ccc(cc1)Oc2cc(ccc2)C=O,aldehyde-170
3-(4-METHOXYPHENYL)-1H-PYRAZOLE-4-CARBALDEHYDE,[nH]1nc(c(c1)C=O)c2ccc(cc2)OC,aldehyde-171
3-(4-METHOXYPHENYL)-1-PHENYL-1H-PYRAZOLE-4-CARBALDEHYDE,[n]2(nc(c(c2)C=O)c3ccc(cc3)OC)c1ccccc1,aldehyde-172
3-(4-methyl-1-piperazinyl)benzaldehyde,N1(CCN(CC1)c2cc(ccc2)C=O)C,aldehyde-173
3-(4-Methylphenyl)benzaldehyde,O=Cc1cc(ccc1)c2ccc(cc2)C,aldehyde-174
3-(ACETYLAMINO)-4-PYRIDIN-FORMALDEHYDE,N(c1cnccc1C=O)C(=O)C,aldehyde-175
3-(DIFLUOROMETHYL)-4-FORMYL-1-METHYL-1H-PYRAZOLE,FC(F)c1n[n](cc1C=O)C,aldehyde-176
3-(DIMETHYLAMINO)BENZALDEHYDE,N(C)(C)c1cc(ccc1)C=O,aldehyde-177
3-(oxazol-5-yl)benzaldehyde,n1c[o]c(c1)c2cc(ccc2)C=O,aldehyde-178
"3,3&#8242;-(4-Formylphenylimino)dipropionitrile",N(CCC#N)(CCC#N)c1ccc(cc1)C=O,aldehyde-179
"3,4-Dibenzyloxybenzaldehyde",O=CC1=CC(OCC2=CC=CC=C2)=C(OCC3=CC=CC=C3)C=C1,aldehyde-180
"3,4-DIHYDRO-2H-1,5-BENZODIOXEPINE-6-CARBALDEHYDE",O1CCCOc2c1c(ccc2)C=O,aldehyde-181
"3,4-DIHYDRO-2H-1,5-BENZODIOXEPINE-7-CARBALDEHYDE",O1CCCOc2c1cc(cc2)C=O,aldehyde-182
"3,4-Dihydroxybenzaldehyde",O=CC1=CC(O)=C(O)C=C1,aldehyde-183
"3,5-dichlorosalicylaldehyde",O=CC1=C(O)C(Cl)=CC(Cl)=C1,aldehyde-184
"3,5-DIFLUORO-4-FORMYL PYRIDINE",Fc1cncc(c1C=O)F,aldehyde-185
"3,5-DIMETHYL-2-(1H-PYRAZOL-1-YL)BENZALDEHYDE",[n]2(nccc2)c1c(cc(cc1C=O)C)C,aldehyde-186
"3,5-Di-tert-butyl-2-hydroxybenzaldehyde",O=CC1=C(O)C(C(C)(C)C)=CC(C(C)(C)C)=C1,aldehyde-187
3-[(3-METHOXYBENZYL)OXY]BENZALDEHYDE,O(Cc2cc(ccc2)OC)c1cc(ccc1)C=O,aldehyde-188
3-[3-(1-Piperidinyl)propoxy]benzaldehyde,N2(CCCCC2)CCCOc1cc(ccc1)C=O,aldehyde-189
3-Bromo-4-ethoxy-5-methoxybenzaldehyde,Brc1c(c(cc(c1)C=O)OC)OCC,aldehyde-190
3-bromo-4-formylbenzonitrile,Brc1c(ccc(c1)C#N)C=O,aldehyde-191
3-Bromo-4-methoxybenzaldehyde,O=CC1=CC(Br)=C(OC)C=C1,aldehyde-192
3-Bromo-4-pyridinecarboxaldehyde,BrC1=C(C=O)C=CN=C1,aldehyde-193
3-Bromo-5-ethoxy-4-methoxybenzaldehyde,Brc1c(c(cc(c1)C=O)OCC)OC,aldehyde-194
3-Chloro-2-fluorobenzaldehyde,O=CC1=C(F)C(Cl)=CC=C1,aldehyde-195
3-chloro-2-pyridinecarbaldehyde,Clc1c(nccc1)C=O,aldehyde-196
3-Chloro-4-hydroxybenzaldehyde,O=CC1=CC(Cl)=C(O)C=C1,aldehyde-197
3-CHLORO-4-PROPOXYBENZALDEHYDE,Clc1c(ccc(c1)C=O)OCCC,aldehyde-198
3-CHLORO-5-(TRIFLUOROMETHYL)BENZALDEHYDE,FC(F)(F)c1cc(cc(c1)C=O)Cl,aldehyde-199
3-Chlorobenzaldehyde,O=CC1=CC(Cl)=CC=C1,aldehyde-200
3-cyanobenzaldehyde,O=CC1=CC(C#N)=CC=C1,aldehyde-201
3-DIMETHYLAMINOMETHYL-BENZALDEHYDE,N(Cc1cc(ccc1)C=O)(C)C,aldehyde-202
3-Ethoxy-4-hydroxy-5-iodo-benzaldehyde,O=CC1=CC(OCC)=C(O)C(I)=C1,aldehyde-203
3-fluoro-2-(1H-pyrazol-1-yl)benzaldehyde,Fc1c(c(ccc1)C=O)[n]2nccc2,aldehyde-204
"3-fluoro-4'-(methylsulfanyl)[1,1'-biphenyl]-4-carbaldehyde",Fc1c(ccc(c1)c2ccc(cc2)SC)C=O,aldehyde-205
3-FLUORO-4-(TRIFLUOROMETHOXY)BENZALDEHYDE,FC(F)(F)Oc1c(cc(cc1)C=O)F,aldehyde-206
3-FLUORO-5-METHYLBENZALDEHYDE,Fc1cc(cc(c1)C=O)C,aldehyde-207
3-Formyl-2-methoxy-5-methylphenylboronic acid,B(O)(O)c1c(c(cc(c1)C)C=O)OC,aldehyde-208
3-Formyl-4-isopropoxyphenylboronic acid,B(O)(O)c1cc(c(cc1)OC(C)C)C=O,aldehyde-209
3-Formylphenylboronic acid,O=CC1=CC=CC(B(O)O)=C1,aldehyde-210
3-furancarboxaldehyde,O=CC1=COC=C1,aldehyde-211
3-Hydroxy-4-methoxybenzaldehyde,O=CC1=CC(O)=C(OC)C=C1,aldehyde-212
3-Hydroxy-4-nitrobenzaldehyde,O=CC1=CC(O)=C([N+]([O-])=O)C=C1,aldehyde-213
3-Hydroxybenzaldehyde,O=CC1=CC(O)=CC=C1,aldehyde-214
3-hydroxyisonicotinaldehyde,n1cc(c(cc1)C=O)O,aldehyde-215
3-HYDROXYPYRIDINE-2-CARBOXALDEHYDE,n1c(c(ccc1)O)C=O,aldehyde-216
3-ISOPROPOXY-BENZALDEHYDE,O(C(C)C)c1cc(ccc1)C=O,aldehyde-217
3-ISOPROPYLBENZALDEHYDE,O=Cc1cc(ccc1)C(C)C,aldehyde-218
3-Methoxybenzaldehyde,O=CC1=CC=CC(OC)=C1,aldehyde-219
3-METHOXY-PYRIDINE-2-CARBALDEHYDE,n1c(c(ccc1)OC)C=O,aldehyde-220
3-methyl-1H-pyrazole-4-carbaldehyde,[nH]1nc(c(c1)C=O)C,aldehyde-221
3-METHYLISOXAZOLE-5-CARBALDEHYDE,n1[o]c(cc1C)C=O,aldehyde-222
3-Nitrobenzaldehyde,O=CC1=CC=CC([N+]([O-])=O)=C1,aldehyde-223
"3-PHENYL-1,2,4-OXADIAZOLE-5-CARBALDEHYDE",n1[o]c(nc1c2ccccc2)C=O,aldehyde-224
3-TRIFLUOROMETHYL-2-FORMYLPYRIDINE,FC(F)(F)c1c(nccc1)C=O,aldehyde-225
"4-(1,1-DIOXOTHIOMORPHOLINO)BENZALDEHYDE",[S]1(=O)(=O)CCN(CC1)c2ccc(cc2)C=O,aldehyde-226
4-(1H-PYRAZOL-1-YLMETHYL)BENZALDEHYDE,[n]2(nccc2)Cc1ccc(cc1)C=O,aldehyde-227
4-(1-Methyl-1H-imidazol-2-yl)benzaldehyde,[n]1(c(ncc1)c2ccc(cc2)C=O)C,aldehyde-228
4-(1-PYRROLIDINYLMETHYL)-2-THIOPHENECARBALDEHYDE,[s]1c(cc(c1)CN2CCCC2)C=O,aldehyde-229
4-(2-(DIETHYLAMINO)-ETHOXY)-BENZALDEHYDE,N(CCOc1ccc(cc1)C=O)(CC)CC,aldehyde-230
"4-(2-Bromoethoxy)-3-methoxy-benzaldehyde, 97%",O=CC1=CC(OC)=C(OCCBr)C=C1,aldehyde-231
4-(2H-Tetraazol-5-yl)benzaldehyde,[nH]1nnnc1c2ccc(cc2)C=O,aldehyde-232
4-(2-METHYL-IMIDAZOL-1-YL)-BENZALDEHYDE,[n]2(c(ncc2)C)c1ccc(cc1)C=O,aldehyde-233
4-(2-Oxo-1-imidazolidinyl)benzaldehyde,N2(CCNC2=O)c1ccc(cc1)C=O,aldehyde-234
4-(2-PHENYLETHOXY)BENZALDEHYDE,O(CCc2ccccc2)c1ccc(cc1)C=O,aldehyde-235
4-(4-Chlorophenyl)thiazole-2-carbaldehyde,[s]1c(nc(c1)c2ccc(cc2)Cl)C=O,aldehyde-236
4-(4-Methylphenoxy)benzaldehyde,O(c2ccc(cc2)C)c1ccc(cc1)C=O,aldehyde-237
4-(5-Hydroxy-2-pyridinyl)benzaldehyde,n1c(ccc(c1)O)c2ccc(cc2)C=O,aldehyde-238
4-(6-METHOXY-2-PYRIDINYL)BENZALDEHYDE,n1c(cccc1c2ccc(cc2)C=O)OC,aldehyde-239
4-(PIPERIDIN-1-YLMETHYL)BENZALDEHYDE,N2(CCCCC2)Cc1ccc(cc1)C=O,aldehyde-240
4-(PYRIMIDIN-2-YL)BENZALDEHYDE,n1c(nccc1)c2ccc(cc2)C=O,aldehyde-241
4-(PYRIMIDIN-2-YLOXY)BENZALDEHYDE,n1c(nccc1)Oc2ccc(cc2)C=O,aldehyde-242
4-(Trifluoromethoxy)benzaldehyde,O=CC1=CC=C(OC(F)(F)F)C=C1,aldehyde-243
"4'-(Trifluoromethyl)-1,1'-biphenyl-2-carboxaldehyde",FC(F)(F)c1ccc(cc1)c2c(cccc2)C=O,aldehyde-244
"4,5,6,7-tetrahydro-1-benzothiophene-3-carbaldehyde",[s]1c2c(c(c1)C=O)CCCC2,aldehyde-245
"4,5-dimethyl-1,3-thiazole-2-carbaldehyde",[s]1c(nc(c1C)C)C=O,aldehyde-246
"4,5-DIMETHYL-1H-IMIDAZOLE-2-CARBALDEHYDE",[nH]1c(nc(c1C)C)C=O,aldehyde-247
"4,5-Dimethylthiophene-2-carboxaldehyde",[s]1c(c(cc1C=O)C)C,aldehyde-248
"4,7-Dimethoxy-1-naphthaldehyde",O(C)c1c2c(c(cc1)C=O)cc(cc2)OC,aldehyde-249
4-[(DIMETHYLAMINO)METHYL]-2-THIOPHENECARBALDEHYDE,[s]1c(cc(c1)CN(C)C)C=O,aldehyde-250
4-[ethyl(methyl)amino]benzaldehyde,N(CC)(C)c1ccc(cc1)C=O,aldehyde-251
"4-[N,N-Bis(2-hydroxyethyl)amino]benzaldehyde",N(CCO)(CCO)c1ccc(cc1)C=O,aldehyde-252
4-3-(DIMETHYLAMINO)PROPOXYBENZALDEHYDE,CN(C)CCCOC1=CC=C(C=O)C=C1,aldehyde-253
4-Acetamidobenzaldehyde,O=CC1=CC=C(NC(C)=O)C=C1,aldehyde-254
4-Allyloxybenzaldehyde,O=CC1=CC=C(OCC=C)C=C1,aldehyde-255
4-Amyloxybenzaldehyde,O=CC1=CC=C(OCCCCC)C=C1,aldehyde-256
4-BENZYL-BENZALDEHYDE,O=Cc1ccc(cc1)Cc2ccccc2,aldehyde-257
4-Benzyloxy-2-hydroxybenzaldehyde,O=CC1=C(O)C=C(OCC2=CC=CC=C2)C=C1,aldehyde-258
4-BENZYLOXY-3-FLUOROBENZALDEHYDE,Fc1c(ccc(c1)C=O)OCc2ccccc2,aldehyde-259
4-BROMO-2-CYANOBENZALDEHYDE,Brc1cc(c(cc1)C=O)C#N,aldehyde-260
4-bromo-2-isopropoxybenzaldehyde,Brc1cc(c(cc1)C=O)OC(C)C,aldehyde-261
4-bromo-2-propoxybenzaldehyde,Brc1cc(c(cc1)C=O)OCCC,aldehyde-262
4-BROMOBENZALDEHYDE,O=CC1=CC=C(Br)C=C1,aldehyde-263
4-Cyanobenzaldehyde,O=CC1=CC=C(C#N)C=C1,aldehyde-264
4-Diethylamino)salicylaldehyde,O=CC1=C(O)C=C(N(CC)CC)C=C1,aldehyde-265
4-Diethylaminobenzaldehyde,O=CC1=CC=C(N(CC)CC)C=C1,aldehyde-266
4-Dimethylamino-2-nitrobenzaldehyde,O=CC1=C([N+]([O-])=O)C=C(N(C)C)C=C1,aldehyde-267
4-fluoro-1H-indole-3-carbaldehyde,Fc1c2c([nH]cc2C=O)ccc1,aldehyde-268
4-fluoro-3-hydroxybenzaldehyde,Fc1c(cc(cc1)C=O)O,aldehyde-269
4-Fluoro-3-phenoxy-benzaldehyde,O=CC1=CC(OC2=CC=CC=C2)=C(F)C=C1,aldehyde-270
4-Fluorobenzaldehyde,O=CC1=CC=C(F)C=C1,aldehyde-271
4'-Fluorobiphenyl-3-carboxaldehyde,Fc1ccc(cc1)c2cc(ccc2)C=O,aldehyde-272
4-FORMYL-2-ISOPROPYLTHIAZOLE,[s]1c(nc(c1)C=O)C(C)C,aldehyde-273
4-formyl-2-methylphenylboronic acid,B(O)(O)c1c(cc(cc1)C=O)C,aldehyde-274
"4-FORMYL-N,N-DIMETHYL-BENZAMIDE",N(C)(C)C(=O)c1ccc(cc1)C=O,aldehyde-275
4-Formylphenylboronic acid,O=CC1=CC=C(B(O)O)C=C1,aldehyde-276
"4-HYDROXY-2,6-DIMETHYLBENZALDEHYDE",CC1=CC(O)=CC(C)=C1C=O,aldehyde-277
4-Hydroxy-2-methoxybenzaldehyde,O=CC1=C(OC)C=C(O)C=C1,aldehyde-278
4-Hydroxy-2-methylbenzaldehyde,O=CC1=C(C)C=C(O)C=C1,aldehyde-279
4-Hydroxy-3-nitrobenzaldehyde,O=CC1=CC([N+]([O-])=O)=C(O)C=C1,aldehyde-280
4-Hydroxybenzaldehyde,O=CC1=CC=C(O)C=C1,aldehyde-281
4-HYDROXYQUINOLINE-2-CARBALDEHYDE,n1c2c(c(cc1C=O)O)cccc2,aldehyde-282
"4-Methoxy-3-(1H-1,2,4-triazol-1-ylmethyl)benzaldehyde hydrochloride",Cl.[n]2(ncnc2)Cc1c(ccc(c1)C=O)OC,aldehyde-283
4-METHOXY-3-PYRROLIDIN-1-YLMETHYL-BENZALDEHYDE,N2(CCCC2)Cc1c(ccc(c1)C=O)OC,aldehyde-284
4-METHOXYINDOLE-3-CARBOXALDEHYDE,[nH]1c2c(c(ccc2)OC)c(c1)C=O,aldehyde-285
4-Methoxypicolinaldehyde,O=CC1=NC=CC(OC)=C1,aldehyde-286
"4-METHYL-2-PIPERIDIN-1-YL-1,3-THIAZOLE-5-CARBALDEHYDE",[s]1c(nc(c1C=O)C)N2CCCCC2,aldehyde-287
4-Methyl-2-thiazolecarboxaldehyde,[s]1c(nc(c1)C)C=O,aldehyde-288
4-Nitrobenzaldehyde,O=CC1=CC=C([N+]([O-])=O)C=C1,aldehyde-289
4-pentylbenzaldehyde,O=Cc1ccc(cc1)CCCCC,aldehyde-290
4-TERT-BUTYL-2-HYDROXYBENZALDEHYDE,Oc1c(ccc(c1)C(C)(C)C)C=O,aldehyde-291
4-tert-Butylbenzaldehyde,O=CC1=CC=C(C(C)(C)C)C=C1,aldehyde-292
4-TRIFLUOROMETHYL-3-FORMYLPYRIDINE,FC(F)(F)c1c(cncc1)C=O,aldehyde-293
4-Trifluoromethyl-benzaldehyde,O=CC1=CC=C(C(F)(F)F)C=C1,aldehyde-294
5-(2-Chlorophenyl)furfural,Clc1c(cccc1)c2[o]c(cc2)C=O,aldehyde-295
5-(2-FLUORO-PHENYL)-THIOPHENE-2-CARBALDEHYDE,Fc1c(cccc1)c2[s]c(cc2)C=O,aldehyde-296
5-(2-FURYL)-1-METHYL-1H-PYRAZOLE-3-CARBALDEHYDE,[n]1(nc(cc1c2[o]ccc2)C=O)C,aldehyde-297
"5-(2-METHYL-1,3-THIAZOL-4-YL)-2-THIOPHENECARBALDEHYDE",[s]1c(nc(c1)c2[s]c(cc2)C=O)C,aldehyde-298
5-(2-THIENYL)-3-ISOXAZOLECARBALDEHYDE,[s]1c(ccc1)c2[o]nc(c2)C=O,aldehyde-299
5-(4-Methoxyphenyl)-1-methyl-1H-pyrazole-4-carbaldehyde,[n]1(ncc(c1c2ccc(cc2)OC)C=O)C,aldehyde-300
5-(4-Methylphenyl)isoxazole-3-carboxaldehyde,n1[o]c(cc1C=O)c2ccc(cc2)C,aldehyde-301
5-(5-Methylthiophen-2-yl)thiophene-2-carbaldehyde,[s]1c(ccc1c2[s]c(cc2)C=O)C,aldehyde-302
5-(TERT-BUTYL)-2-METHOXYBENZENECARBALDEHYDE,O(C)c1c(cc(cc1)C(C)(C)C)C=O,aldehyde-303
"5,6-dihydro-8H-imidazo[2,1-c][1,4]oxazine-2-carbaldehyde",[n]21c(nc(c2)C=O)COCC1,aldehyde-304
5-bromo-2-fluoro-3-methylbenzaldehyde,Fc1c(cc(cc1C=O)Br)C,aldehyde-305
5-Bromo-3-nitrosalicylaldehyde,O=CC1=C(O)C([N+]([O-])=O)=CC(Br)=C1,aldehyde-306
5-Bromosalicylaldehyde,OC1=C(C=O)C=C(Br)C=C1,aldehyde-307
5-chloro-2-ethoxybenzaldehyde,Clc1cc(c(cc1)OCC)C=O,aldehyde-308
5-Cyano-2-methoxybenzaldehyde,N#Cc1cc(c(cc1)OC)C=O,aldehyde-309
5-CYCLOHEXYL-THIOPHENE-2-CARBALDEHYDE,[s]1c(ccc1C=O)C2CCCCC2,aldehyde-310
5-FLUORO-2-FORMYLPYRIDINE,Fc1cnc(cc1)C=O,aldehyde-311
5-Fluorosalicylaldehyde,O=CC1=C(O)C=CC(F)=C1,aldehyde-312
5-formyl-2-(3-methoxypropoxy)phenylboronic acid,B(O)(O)c1c(ccc(c1)C=O)OCCCOC,aldehyde-313
5-formyl-2-[2-(4-morpholinyl)ethoxy]phenylboronic acid,B(O)(O)c1c(ccc(c1)C=O)OCCN2CCOCC2,aldehyde-314
5-Hexylthiophene-2-carboxaldehyde,[s]1c(ccc1C=O)CCCCCC,aldehyde-315
5-Hydroxy-2-nitrobenzaldehyde,O=CC1=C([N+]([O-])=O)C=CC(O)=C1,aldehyde-316
"5-Hydroxymethyl-2-furaldehyde,99%",O=CC1=CC=C(CO)O1,aldehyde-317
5-METHOXY-2-(1H-PYRAZOL-1-YL)BENZALDEHYDE,[n]2(nccc2)c1c(cc(cc1)OC)C=O,aldehyde-318
5-methoxy-2-pyridinecarbaldehyde,n1c(ccc(c1)OC)C=O,aldehyde-319
5-METHYL-1-(2-METHYLPHENYL)-1H-PYRAZOLE-4-CARBALDEHYDE,[n]2(ncc(c2C)C=O)c1c(cccc1)C,aldehyde-320
"5-METHYL-2-PHENYL-1,3-OXAZOLE-4-CARBALDEHYDE",n1c([o]c(c1C=O)C)c2ccccc2,aldehyde-321
5-Methylfurfural,O=CC1=CC=C(C)O1,aldehyde-322
5-tert-Butyl-2-hydroxybenzaldehyde,O=CC1=C(O)C=CC(C(C)(C)C)=C1,aldehyde-323
"6-(1,3-Benzodioxol-5-yl)-2-pyridinecarboxaldehyde",n1c(cccc1C=O)c2cc3c(cc2)OCO3,aldehyde-324
6-(1-PYRROLIDINYL)NICOTINALDEHYDE,N2(CCCC2)c1ncc(cc1)C=O,aldehyde-325
6-(2-CHLORO-PHENYL)-PYRIDINE-3-CARBALDEHYDE,Clc1c(cccc1)c2ncc(cc2)C=O,aldehyde-326
6-(3-CHLOROPHENYL)PYRIDINE-3-CARBOXALDEHYDE,Clc1cc(ccc1)c2ncc(cc2)C=O,aldehyde-327
6-(3-FLUOROPHENYL)NICOTINALDEHYDE,Fc1cc(ccc1)c2ncc(cc2)C=O,aldehyde-328
6-(3-METHOXYPHENYL)PYRIDINE-3-CARBOXALDEHYDE,n1c(ccc(c1)C=O)c2cc(ccc2)OC,aldehyde-329
6-(4-(METHYLTHIO)PHENYL)-2-PYRIDINECARBALDEHYDE,S(C)c1ccc(cc1)c2nc(ccc2)C=O,aldehyde-330
6-(4-CHLORO-PHENYL)-PYRIDINE-3-CARBALDEHYDE,Clc1ccc(cc1)c2ncc(cc2)C=O,aldehyde-331
"6-(4-Fluorophenyl)imidazo[2,1-b][1,3]thiazole-5-carbaldehyde",Fc1ccc(cc1)c2nc3[n](c2C=O)C=CS3,aldehyde-332
6-(4-Methoxyphenyl)-2-pyridinecarboxaldehyde,n1c(cccc1C=O)c2ccc(cc2)OC,aldehyde-333
6-(DIETHYLAMINO)-3-PYRIDINYLALDEHYDE,N(CC)(CC)c1ncc(cc1)C=O,aldehyde-334
6-(DIMETHYLAMINO)NICOTINALDEHYDE,N(C)(C)c1ncc(cc1)C=O,aldehyde-335
6-(hydroxymethyl)-2-pyridinecarbaldehyde,n1c(cccc1C=O)CO,aldehyde-336
6-Bromo-1H-indazole-4-carboxaldehyde,Brc1cc2[nH]ncc2c(c1)C=O,aldehyde-337
6-Chloro-2-fluoro-3-methoxybenzaldehyde,Fc1c(ccc(c1C=O)Cl)OC,aldehyde-338
6-chloro-3-fluoro-2-pyridinecarbaldehyde,Fc1c(nc(cc1)Cl)C=O,aldehyde-339
6-Fluoro-7-methylindole-3-carboxaldehyde,Fc1c(c2[nH]cc(c2cc1)C=O)C,aldehyde-340
6-FLUOROQUINOLINE-2-CARBALDEHYDE,Fc1cc2c(nc(cc2)C=O)cc1,aldehyde-341
6-Hydroxynicotinaldehyde,O=CC1=CN=C(O)C=C1,aldehyde-342
6-Isopropylindole-3-carboxaldehyde,[nH]1c2c(c(c1)C=O)ccc(c2)C(C)C,aldehyde-343
6-METHOXY-1-METHYL-1H-INDOLE-3-CARBALDEHYDE,[n]1(c2c(c(c1)C=O)ccc(c2)OC)C,aldehyde-344
6-methoxy-4-quinolinecarbaldehyde,n1c2c(c(cc1)C=O)cc(cc2)OC,aldehyde-345
6-methyl-2-pyrazinecarbaldehyde,n1c(cncc1C=O)C,aldehyde-346
"6-methylimidazo[1,2-a]pyridine-2-carbaldehyde",[n]21c(nc(c2)C=O)C=CC(=C1)C,aldehyde-347
6-Methylpyridine-2-carboxaldehyde,CC1=CC=CC(C=O)=N1,aldehyde-348
6-MORPHOLINONICOTINALDEHYDE,N2(CCOCC2)c1ncc(cc1)C=O,aldehyde-349
6-Nitroveratraldehyde,O=CC1=CC(OC)=C(OC)C=C1[N+]([O-])=O,aldehyde-350
"6-Phenyl-2,3-dihydroimidazo[2,1-b][1,3]thiazole-5-carbaldehyde",S1CC[n]2c1nc(c2C=O)c3ccccc3,aldehyde-351
6-PHENYLNICOTINALDEHYDE,n1c(ccc(c1)C=O)c2ccccc2,aldehyde-352
6-P-TOLYLPYRIDINE-3-CARBOXALDEHYDE,n1c(ccc(c1)C=O)c2ccc(cc2)C,aldehyde-353
7-methoxy-1H-indole-2-carbaldehyde,[nH]1c2c(cc1C=O)cccc2OC,aldehyde-354
7-Methoxy-3-methyl-1-benzofuran-5-carbaldehyde,[o]1c2c(c(c1)C)cc(cc2OC)C=O,aldehyde-355
7-QUINOLINECARBOXALDEHYDE,n1c2c(ccc1)ccc(c2)C=O,aldehyde-356
8-isoquinolinecarbaldehyde,n1cc2c(cc1)cccc2C=O,aldehyde-357
8-methoxy-2-quinolinecarbaldehyde,n1c2c(ccc1C=O)cccc2OC,aldehyde-358
"8-METHYL-IMIDAZO[1,2-A]PYRIDINE-2-CARBALDEHYDE",[n]21c(nc(c2)C=O)C(=CC=C1)C,aldehyde-359
Benzaldehyde,O=CC1=CC=CC=C1,aldehyde-360
"IMIDAZO[1,2-A]PYRIDINE-2-CARBALDEHYDE",[n]21c(nc(c2)C=O)C=CC=C1,aldehyde-361
"IMIDAZO[1,5-A]PYRIDINE-1-CARBALDEHYDE",[n]21c(c(nc2)C=O)C=CC=C1,aldehyde-362
"imidazo[1,5-a]pyridine-3-carbaldehyde",[n]21c(cnc2C=O)C=CC=C1,aldehyde-363
Indazole-5-carboxaldehyde,[nH]1ncc2c1ccc(c2)C=O,aldehyde-364
ISOQUINOLINE-3-CARBALDEHYDE,n1cc2c(cc1C=O)cccc2,aldehyde-365
METHYL 2-FORMYLBENZOATE,O=CC1=CC=CC=C1C(OC)=O,aldehyde-366
Methyl 4-formylbenzoate,O=CC1=CC=C(C(OC)=O)C=C1,aldehyde-367
MYRISTICIN ALDEHYDE,O1COc2c1c(cc(c2)C=O)OC,aldehyde-368
N-(2-formylphenyl)methanesulfonamide,[S](=O)(=O)(Nc1c(cccc1)C=O)C,aldehyde-369
"N,N-Diethyl-4-formylbenzamide",N(CC)(CC)C(=O)c1ccc(cc1)C=O,aldehyde-370
N-Boc-indoline-7-carboxaldehyde,N1(CCc2c1c(ccc2)C=O)C(=O)OC(C)(C)C,aldehyde-371
"N-ethyl-3-fluoro-4'-formyl[1,1'-biphenyl]-4-carboxamide",Fc1c(ccc(c1)c2ccc(cc2)C=O)C(=O)NCC,aldehyde-372
o-Tolualdehyde,CC1=C(C=O)C=CC=C1,aldehyde-373
QUINOLINE-5-CARBOXALDEHYDE,n1c2c(c(ccc2)C=O)ccc1,aldehyde-374
Quinoline-8-carbaldehyde,O=CC1=C(N=CC=C2)C2=CC=C1,aldehyde-375
Salicylaldehyde,O=CC1=C(O)C=CC=C1,aldehyde-376
tert-butyl 3-formylphenylcarbamate,N(c1cc(ccc1)C=O)C(=O)OC(C)(C)C,aldehyde-377
TERT-BUTYL 4-(6-FORMYL-2-PYRIDINYL)PHENYLCARBAMATE,N(c1ccc(cc1)c2nc(ccc2)C=O)C(=O)OC(C)(C)C,aldehyde-378
tert-butyl 4-formylphenylcarbamate,N(c1ccc(cc1)C=O)C(=O)OC(C)(C)C,aldehyde-379
trans-p-Methoxycinnamaldehyde,O=C/C=C/C1=CC=C(OC)C=C1,aldehyde-380
,,
